{"cameraMode":{"drawMode":0,"name":"Shaded","section":"Shading Mode"},"sceneLighting":true,"audioPlay":false,"sceneViewState":{"m_AlwaysRefresh":false,"showFog":true,"showSkybox":true,"showFlares":true,"showImageEffects":true,"showParticleSystems":true,"showVisualEffectGraphs":true,"m_FxEnabled":true},"in2DMode":false,"pivot":{"x":-0.23550228774547578,"y":-0.6284691691398621,"z":21.83896255493164},"rotation":{"x":-0.15069036185741425,"y":-0.08565068244934082,"z":0.012891537509858609,"w":-0.9848709106445313},"size":2.370743751525879,"orthographic":false}