{"cameraMode":{"drawMode":0,"name":"Shaded","section":"Shading Mode"},"sceneLighting":true,"audioPlay":false,"sceneViewState":{"m_AlwaysRefresh":false,"showFog":true,"showSkybox":true,"showFlares":true,"showImageEffects":true,"showParticleSystems":true,"showVisualEffectGraphs":true,"m_FxEnabled":true},"in2DMode":false,"pivot":{"x":-1.3138400316238404,"y":-1.317150354385376,"z":261.1961975097656},"rotation":{"x":0.37714073061943056,"y":-0.05216844752430916,"z":0.021256718784570695,"w":0.9245595932006836},"size":5.335956573486328,"orthographic":false}