{"cameraMode":{"drawMode":0,"name":"Shaded","section":"Shading Mode"},"sceneLighting":true,"audioPlay":false,"sceneViewState":{"m_AlwaysRefresh":false,"showFog":true,"showSkybox":true,"showFlares":true,"showImageEffects":true,"showParticleSystems":true,"showVisualEffectGraphs":true,"m_FxEnabled":true},"in2DMode":false,"pivot":{"x":-3.588395833969116,"y":-5.739796161651611,"z":6.382806777954102},"rotation":{"x":-0.19430920481681825,"y":0.11034347116947174,"z":-0.022165648639202119,"w":-0.9746131300926209},"size":14.122124671936036,"orthographic":false}