{"cameraMode":{"drawMode":0,"name":"Shaded","section":"Shading Mode"},"sceneLighting":false,"audioPlay":false,"sceneViewState":{"m_AlwaysRefresh":false,"showFog":true,"showSkybox":false,"showFlares":true,"showImageEffects":true,"showParticleSystems":true,"showVisualEffectGraphs":true,"m_FxEnabled":true},"in2DMode":false,"pivot":{"x":959.7193603515625,"y":552.4288330078125,"z":0.00005917082671658136},"rotation":{"x":0.25252774357795718,"y":0.018033845350146295,"z":-0.004733693785965443,"w":0.9675235152244568},"size":1109.5548095703125,"orthographic":false}