{"cameraMode":{"drawMode":0,"name":"Shaded","section":"Shading Mode"},"sceneLighting":false,"audioPlay":false,"sceneViewState":{"m_AlwaysRefresh":false,"showFog":true,"showSkybox":false,"showFlares":true,"showImageEffects":true,"showParticleSystems":true,"showVisualEffectGraphs":true,"m_FxEnabled":true},"in2DMode":false,"pivot":{"x":-0.014920949935913086,"y":1.2847990989685059,"z":-0.0005049407482147217},"rotation":{"x":-0.08962822705507279,"y":0.9047107100486755,"z":-0.34246182441711428,"w":-0.23737755417823792},"size":2.20611572265625,"orthographic":false}