{"cameraMode":{"drawMode":0,"name":"Shaded","section":"Shading Mode"},"sceneLighting":false,"audioPlay":false,"sceneViewState":{"m_AlwaysRefresh":false,"showFog":true,"showSkybox":false,"showFlares":true,"showImageEffects":true,"showParticleSystems":true,"showVisualEffectGraphs":true,"m_FxEnabled":true},"in2DMode":false,"pivot":{"x":-0.6388369798660278,"y":-0.7203173041343689,"z":1.9163296222686768},"rotation":{"x":-0.08962822705507279,"y":0.9047107100486755,"z":-0.34246182441711428,"w":-0.23737755417823792},"size":1.0686010122299195,"orthographic":false}