{"cameraMode":{"drawMode":0,"name":"Shaded","section":"Shading Mode"},"sceneLighting":false,"audioPlay":false,"sceneViewState":{"m_AlwaysRefresh":false,"showFog":true,"showSkybox":false,"showFlares":true,"showImageEffects":true,"showParticleSystems":true,"showVisualEffectGraphs":true,"m_FxEnabled":true},"in2DMode":false,"pivot":{"x":-5.999634265899658,"y":3.783726692199707,"z":16.628177642822267},"rotation":{"x":0.04679369553923607,"y":0.01112660113722086,"z":-0.0005105035379528999,"w":0.9989615082740784},"size":1.1940217018127442,"orthographic":false}